<?xml version="1.0" encoding="ISO-8859-1"?>
<group>
  <data>
    <CLUBNAME>Kosmos</CLUBNAME>
    <CLUBABBR>KOSM</CLUBABBR>
    <CLUBCODE>06</CLUBCODE>
    <DIVCODE>4</DIVCODE>
    <G_ORGANIZATIONABBREV>GPU-</G_ORGANIZATIONABBREV>
    <SEC_VARIATION_LIMIT_PER_HOUR>1.5</SEC_VARIATION_LIMIT_PER_HOUR>
    <MAXCLUBPOINTS>20</MAXCLUBPOINTS>
    <POSITIONSPRINTREPORTS>35</POSITIONSPRINTREPORTS>
    <SBPOSITIONS>20</SBPOSITIONS>
    <ALLBIRDPOSITIONS>20</ALLBIRDPOSITIONS>
    <BESTBIRDPOSITIONS>20</BESTBIRDPOSITIONS>
    <YEAROFWORKING>2024</YEAROFWORKING>
    <G_MORETHANONETEAM2REGISTERED>NO</G_MORETHANONETEAM2REGISTERED>
    <G_ACTIVATEMASTERRINGS></G_ACTIVATEMASTERRINGS>
    <G_SPEEDLOADSERIALNO>75798377</G_SPEEDLOADSERIALNO>
    <INDIVUALLYVARIANCESSET>1</INDIVUALLYVARIANCESSET>
    <RECALCDISTANCES>1</RECALCDISTANCES>
    <DATUM>WGS84</DATUM>
    <GERMANSYSTEM></GERMANSYSTEM>
    <PRINTRACESHEETFOOTER>1</PRINTRACESHEETFOOTER>
    <G_YESCHANGEREPORTHEADERS>1</G_YESCHANGEREPORTHEADERS>
    <DATADIR>C:\Speedbird-GPU\2024</DATADIR>
    <COMMIN></COMMIN>
    <IMAGEDIR>C:\SpeedBird-GPU\Images</IMAGEDIR>
    <DISTANCEMEASUREMENT>xml</DISTANCEMEASUREMENT>
    <APPSERIALNO>BHS1</APPSERIALNO>
    <APPSERIALNOLOCK>1</APPSERIALNOLOCK>
    <YEARLING>23</YEARLING>
    <YOUNGBIRD>24</YOUNGBIRD>
  </data>
</group>
